scenario,taskCount,run,totalCpuTime,totalWaitTime,avgStartTime,avgExecutionTime,avgFinishTime,throughput,makespan,imbalanceDegree,resourceUtilization,totalEnergy
MOWS,1000,1,985145.2849999996,0.0000000000,0.3000000000,985.1452850000,985.4452850000,0.0736922391,13569.9500000000,2.2183337415,1.3443992943,48851819.9999999900
MOWS,1000,2,1013543.7770000002,0.0000000000,0.3000000000,1013.5437770000,1013.8437770000,0.0606051497,16500.2480000000,2.5513324680,1.1375180060,59400892.8000000000
MOWS,1000,3,1023543.8629999995,0.0000000000,0.3000000000,1023.5438630000,1023.8438630000,0.0643639975,15536.6360000000,2.3011493431,1.2199884184,55931889.5999999940
MOWS,1000,4,1001477.8320000004,0.0000000000,0.3000000000,1001.4778320000,1001.7778320000,0.0564611134,17711.3050000000,4.2765694209,1.0471213599,63760697.9999999850
MOWS,1000,5,1014460.1889999997,0.0000000000,0.3000000000,1014.4601890000,1014.7601890000,0.0644565296,15514.3320000000,3.5462059970,1.2108996892,55851595.1999999960
MOWS,1000,6,994183.9050000007,0.0000000000,0.3000000000,994.1839050000,994.4839050000,0.0535277948,18681.8830000000,3.6280548175,0.9854902236,67254778.8000000000
MOWS,1000,7,1044416.9170000005,0.0000000000,0.3000000000,1044.4169170000,1044.7169170000,0.0482143944,20740.6940000000,4.4341130487,0.9325172060,74666498.3999999900
MOWS,1000,8,1000522.3269999998,0.0000000000,0.3000000000,1000.5223270000,1000.8223270000,0.0557463599,17938.3910000000,4.2165330110,1.0328792165,64578207.5999999900
MOWS,1000,9,1063557.1279999998,0.0000000000,0.3000000000,1063.5571280000,1063.8571280000,0.0439203497,22768.4890000000,5.0153301065,0.8650333525,81966560.3999999900
MOWS,1000,10,1035518.7829999998,0.0000000000,0.3000000000,1035.5187830000,1035.8187830000,0.0581408802,17199.6020000000,2.7955414421,1.1149254360,61918567.1999999960
Baseline_RoundRobin,1000,1,844402.1080000000,0.0000000000,0.3000000000,844.4021080000,844.7021080000,0.0937389154,10667.9280000000,0.7991350775,1.4658025508,38404540.7999999900
Baseline_RoundRobin,1000,2,844401.6010000000,0.0000000000,0.3000000000,844.4016010000,844.7016010000,0.0937389154,10667.9280000000,0.7991362608,1.4658016707,38404540.8000000000
Baseline_RoundRobin,1000,3,844401.9710000000,0.0000000000,0.3000000000,844.4019710000,844.7019710000,0.0937389417,10667.9250000000,0.7991333526,1.4658027252,38404530.0000000000
Baseline_RoundRobin,1000,4,844401.9059999997,0.0000000000,0.3000000000,844.4019060000,844.7019060000,0.0937389154,10667.9280000000,0.7991369953,1.4658022001,38404540.8000000040
Baseline_RoundRobin,1000,5,844401.9620000000,0.0000000000,0.3000000000,844.4019620000,844.7019620000,0.0937389329,10667.9260000000,0.7991300996,1.4658025722,38404533.5999999940
Baseline_RoundRobin,1000,6,844402.0669999999,0.0000000000,0.3000000000,844.4020670000,844.7020670000,0.0937389154,10667.9280000000,0.7991369708,1.4658024796,38404540.8000000040
Baseline_RoundRobin,1000,7,844401.4919999997,0.0000000000,0.3000000000,844.4014920000,844.7014920000,0.0937389505,10667.9240000000,0.7991312479,1.4658020311,38404526.4000000000
Baseline_RoundRobin,1000,8,844413.5719999999,0.0000000000,0.3000000000,844.4135720000,844.7135720000,0.0937389329,10667.9260000000,0.7991241003,1.4658227260,38404533.6000000000
Baseline_RoundRobin,1000,9,844401.3760000005,0.0000000000,0.3000000000,844.4013760000,844.7013760000,0.0937389417,10667.9250000000,0.7991346831,1.4658016923,38404530.0000000000
Baseline_RoundRobin,1000,10,844402.1080000000,0.0000000000,0.3000000000,844.4021080000,844.7021080000,0.0937389154,10667.9280000000,0.7991350775,1.4658025508,38404540.7999999900
MOWS,2000,1,3679494.8740000012,0.0000000000,0.3000000000,1839.7474370000,1840.0474370000,0.0936932980,21346.2440000000,1.7679455857,3.1920741636,76846478.3999999900
MOWS,2000,2,3563152.7470000000,0.0000000000,0.3000000000,1781.5763735000,1781.8763735000,0.1007373775,19853.6040000000,1.4410600916,3.3235431778,71472974.3999999900
MOWS,2000,3,3736990.4170000027,0.0000000000,0.3000000000,1868.4952085000,1868.7952085000,0.0726258712,27538.3960000000,2.5928482947,2.5129831905,99138225.6000000000
MOWS,2000,4,3726650.1490000016,0.0000000000,0.3000000000,1863.3250745000,1863.6250745000,0.0712334097,28076.7130000000,3.2693202036,2.4579814523,101076166.7999999800
MOWS,2000,5,3587497.6740000015,0.0000000000,0.3000000000,1793.7488370000,1794.0488370000,0.0715203678,27964.0620000000,1.8775941774,2.3757329000,100670623.1999999900
MOWS,2000,6,3645006.9480000013,0.0000000000,0.3000000000,1822.5034740000,1822.8034740000,0.1015579910,19693.1820000000,1.8107257040,3.4275887293,70895455.1999999900
MOWS,2000,7,3586211.4550000020,0.0000000000,0.3000000000,1793.1057275000,1793.4057275000,0.1018365561,19639.3130000000,1.9155511258,3.3815502223,70701526.8000000100
MOWS,2000,8,3631228.6540000040,0.0000000000,0.3000000000,1815.6143270000,1815.9143270000,0.0774751049,25814.7440000000,1.6317390835,2.6049057498,92933078.3999999800
MOWS,2000,9,3695470.1029999987,0.0000000000,0.3000000000,1847.7350515000,1848.0350515000,0.0653512698,30603.8430000000,2.3426246244,2.2361450337,110173834.8000000000
MOWS,2000,10,3594035.9499999983,0.0000000000,0.3000000000,1797.0179750000,1797.3179750000,0.0746578069,26788.8930000000,1.9627921546,2.4844707579,96440014.7999999800
Baseline_RoundRobin,2000,1,3258917.9490000010,0.0000000000,0.3000000000,1629.4589745000,1629.7589745000,0.1368468582,14614.8770000000,0.3360641474,4.1293766885,52613557.1999999960
Baseline_RoundRobin,2000,2,3258919.1610000003,0.0000000000,0.3000000000,1629.4595805000,1629.7595805000,0.1368468488,14614.8780000000,0.3360609570,4.1293779417,52613560.8000000000
Baseline_RoundRobin,2000,3,3258918.8489999970,0.0000000000,0.3000000000,1629.4594245000,1629.7594245000,0.1368468582,14614.8770000000,0.3360591002,4.1293778289,52613557.1999999960
Baseline_RoundRobin,2000,4,3258919.3479999990,0.0000000000,0.3000000000,1629.4596740000,1629.7596740000,0.1368469144,14614.8710000000,0.3360568284,4.1293801564,52613535.5999999940
Baseline_RoundRobin,2000,5,3258918.5679999990,0.0000000000,0.3000000000,1629.4592840000,1629.7592840000,0.1368468863,14614.8740000000,0.3360573728,4.1293783205,52613546.3999999900
Baseline_RoundRobin,2000,6,3258918.2970000000,0.0000000000,0.3000000000,1629.4591485000,1629.7591485000,0.1368469424,14614.8680000000,0.3360554289,4.1293796724,52613524.8000000000
Baseline_RoundRobin,2000,7,3258917.2590000010,0.0000000000,0.3000000000,1629.4586295000,1629.7586295000,0.1368469237,14614.8700000000,0.3360527522,4.1293777920,52613532.0000000000
Baseline_RoundRobin,2000,8,3258918.7659999984,0.0000000000,0.3000000000,1629.4593830000,1629.7593830000,0.1368469237,14614.8700000000,0.3360501610,4.1293797015,52613532.0000000000
Baseline_RoundRobin,2000,9,3258918.5629999978,0.0000000000,0.3000000000,1629.4592815000,1629.7592815000,0.1368469612,14614.8660000000,0.3360569425,4.1293805745,52613517.6000000000
Baseline_RoundRobin,2000,10,3258917.9490000010,0.0000000000,0.3000000000,1629.4589745000,1629.7589745000,0.1368468582,14614.8770000000,0.3360641474,4.1293766885,52613557.1999999960
MOWS,3000,1,8103934.0399999960,0.0000000000,0.3000000000,2701.3113466667,2701.6113466667,0.0848838356,35342.4180000000,1.9598633392,4.2462531169,127232704.8000000000
MOWS,3000,2,7882502.2599999960,0.0000000000,0.3000000000,2627.5007533333,2627.8007533333,0.1071390307,28001.0000000000,1.5203346225,5.2131089630,100803599.9999999900
MOWS,3000,3,7936017.9830000010,0.0000000000,0.3000000000,2645.3393276667,2645.6393276667,0.0928556262,32308.2200000000,2.3601219589,4.5487896263,116309591.9999999900
MOWS,3000,4,7913911.0760000040,0.0000000000,0.3000000000,2637.9703586667,2638.2703586667,0.0993745465,30188.8170000000,1.5444666391,4.8545760775,108679741.1999999900
MOWS,3000,5,8021359.2979999870,0.0000000000,0.3000000000,2673.7864326667,2674.0864326667,0.1039401709,28862.7580000000,1.6664120356,5.1465522007,103905928.8000000000
MOWS,3000,6,7978489.8529999920,0.0000000000,0.3000000000,2659.4966176667,2659.7966176667,0.0831850168,36064.1870000000,1.8479847530,4.0968568650,129831073.1999999900
MOWS,3000,7,8107508.4350000040,0.0000000000,0.3000000000,2702.5028116667,2702.8028116667,0.0931819020,32195.0930000000,1.8570559432,4.6634139275,115902334.8000000000
MOWS,3000,8,7974625.4120000050,0.0000000000,0.3000000000,2658.2084706667,2658.5084706667,0.1032093320,29067.1390000000,1.3345741379,5.0805911229,104641700.3999999900
MOWS,3000,9,8031877.4390000010,0.0000000000,0.3000000000,2677.2924796667,2677.5924796667,0.1073410010,27948.3140000000,1.8291666709,5.3219121229,100613930.3999999900
MOWS,3000,10,7959023.9829999980,0.0000000000,0.3000000000,2653.0079943333,2653.3079943333,0.0935978304,32052.0250000000,1.4394050346,4.5984405983,115387289.9999999900
Baseline_RoundRobin,3000,1,7342884.6440000000,0.0000000000,0.3000000000,2447.6282146667,2447.9282146667,0.1634778674,18351.1080000000,0.2021997013,7.4098711238,66063988.8000000000
Baseline_RoundRobin,3000,2,7342882.5420000020,0.0000000000,0.3000000000,2447.6275140000,2447.9275140000,0.1634779208,18351.1020000000,0.2021985826,7.4098714253,66063967.1999999800
Baseline_RoundRobin,3000,3,7342883.0499999830,0.0000000000,0.3000000000,2447.6276833333,2447.9276833333,0.1634778228,18351.1130000000,0.2022021647,7.4098674964,66064006.7999999700
Baseline_RoundRobin,3000,4,7342884.6440000000,0.0000000000,0.3000000000,2447.6282146667,2447.9282146667,0.1634778674,18351.1080000000,0.2021997013,7.4098711238,66063988.8000000000
Baseline_RoundRobin,3000,5,7342882.5420000020,0.0000000000,0.3000000000,2447.6275140000,2447.9275140000,0.1634779208,18351.1020000000,0.2021985826,7.4098714253,66063967.1999999800
Baseline_RoundRobin,3000,6,7342883.0499999830,0.0000000000,0.3000000000,2447.6276833333,2447.9276833333,0.1634778228,18351.1130000000,0.2022021647,7.4098674964,66064006.7999999700
Baseline_RoundRobin,3000,7,7342884.6440000000,0.0000000000,0.3000000000,2447.6282146667,2447.9282146667,0.1634778674,18351.1080000000,0.2021997013,7.4098711238,66063988.8000000000
Baseline_RoundRobin,3000,8,7342882.5420000020,0.0000000000,0.3000000000,2447.6275140000,2447.9275140000,0.1634779208,18351.1020000000,0.2021985826,7.4098714253,66063967.1999999800
Baseline_RoundRobin,3000,9,7342883.0499999830,0.0000000000,0.3000000000,2447.6276833333,2447.9276833333,0.1634778228,18351.1130000000,0.2022021647,7.4098674964,66064006.7999999700
Baseline_RoundRobin,3000,10,7342884.6440000000,0.0000000000,0.3000000000,2447.6282146667,2447.9282146667,0.1634778674,18351.1080000000,0.2021997013,7.4098711238,66063988.8000000000
MOWS,4000,1,13707198.2960000150,0.0000000000,0.3000000000,3426.7995740000,3427.0995740000,0.1140843196,35061.7860000000,1.2824369023,7.2397055153,126222429.5999999800
MOWS,4000,2,13659725.2439999900,0.0000000000,0.3000000000,3414.9313110000,3415.2313110000,0.0967628941,41338.1600000000,1.3006668804,6.1192340174,148817376.0000000000
MOWS,4000,3,13690289.6729999930,0.0000000000,0.3000000000,3422.5724182500,3422.8724182500,0.1102242802,36289.6450000000,1.3812828365,6.9861218767,130642721.9999999900
MOWS,4000,4,13679661.0240000080,0.0000000000,0.3000000000,3419.9152560000,3420.2152560000,0.1141324377,35047.0040000000,1.3709727989,7.2282086081,126169214.4000000000
MOWS,4000,5,13513089.6149999980,0.0000000000,0.3000000000,3378.2724037500,3378.5724037500,0.1274813284,31377.1440000000,1.1094943570,7.9753084053,112957718.3999999800
MOWS,4000,6,13692006.3240000030,0.0000000000,0.3000000000,3423.0015810000,3423.3015810000,0.1067121488,37484.0170000000,1.5991648490,6.7643676681,134942461.2000000000
MOWS,4000,7,13897903.9779999960,0.0000000000,0.3000000000,3474.4759945000,3474.7759945000,0.1029528578,38852.7340000000,1.6575068946,6.6242080206,139869842.3999999800
MOWS,4000,8,13803409.2850000000,0.0000000000,0.3000000000,3450.8523212500,3451.1523212500,0.0973288132,41097.7990000000,1.4861240831,6.2197659408,147952076.4000000000
MOWS,4000,9,13714930.8230000030,0.0000000000,0.3000000000,3428.7327057500,3429.0327057500,0.1060490539,37718.3940000000,1.3711945948,6.7335899939,135786218.3999999800
MOWS,4000,10,13852035.5040000120,0.0000000000,0.3000000000,3463.0088760000,3463.3088760000,0.0977902747,40903.8630000000,1.3498530340,6.2712701732,147253906.7999999800
Baseline_RoundRobin,4000,1,12882971.2550000030,0.0000000000,0.3000000000,3220.7428137500,3221.0428137500,0.1751460335,22838.0850000000,0.1531443962,10.4463023830,82217105.9999999700
Baseline_RoundRobin,4000,2,12882973.5849999860,0.0000000000,0.3000000000,3220.7433962500,3221.0433962500,0.1751460028,22838.0890000000,0.1531453619,10.4463024427,82217120.4000000000
Baseline_RoundRobin,4000,3,12882969.9799999860,0.0000000000,0.3000000000,3220.7424950000,3221.0424950000,0.1751460335,22838.0850000000,0.1531420347,10.4463013492,82217105.9999999900
Baseline_RoundRobin,4000,4,12882971.8679999900,0.0000000000,0.3000000000,3220.7429670000,3221.0429670000,0.1751460181,22838.0870000000,0.1531408596,10.4463019653,82217113.1999999900
Baseline_RoundRobin,4000,5,12882970.1489999900,0.0000000000,0.3000000000,3220.7425372500,3221.0425372500,0.1751460335,22838.0850000000,0.1531439231,10.4463014862,82217105.9999999900
Baseline_RoundRobin,4000,6,12882969.7160000110,0.0000000000,0.3000000000,3220.7424290000,3221.0424290000,0.1751459875,22838.0910000000,0.1531444313,10.4462983907,82217127.6000000000
Baseline_RoundRobin,4000,7,12882974.4549999890,0.0000000000,0.3000000000,3220.7436137500,3221.0436137500,0.1751460642,22838.0810000000,0.1531417049,10.4463068074,82217091.5999999600
Baseline_RoundRobin,4000,8,12882971.4230000040,0.0000000000,0.3000000000,3220.7428557500,3221.0428557500,0.1751460335,22838.0850000000,0.1531403577,10.4463025193,82217105.9999999900
Baseline_RoundRobin,4000,9,12882970.6390000200,0.0000000000,0.3000000000,3220.7426597500,3221.0426597500,0.1751460181,22838.0870000000,0.1531453550,10.4463009687,82217113.1999999900
Baseline_RoundRobin,4000,10,12882971.2550000030,0.0000000000,0.3000000000,3220.7428137500,3221.0428137500,0.1751460335,22838.0850000000,0.1531443962,10.4463023830,82217105.9999999700
MOWS,5000,1,21167091.4589999880,0.0000000000,0.3000000000,4233.4182918000,4233.7182918000,0.1113996188,44883.4570000000,1.4916707452,8.7333552575,161580445.1999999600
MOWS,5000,2,21333279.5050000360,0.0000000000,0.3000000000,4266.6559010000,4266.9559010000,0.0855383948,58453.2830000000,1.8442203610,6.7585721674,210431818.7999999800
MOWS,5000,3,21306394.6310000270,0.0000000000,0.3000000000,4261.2789262000,4261.5789262000,0.1097870139,45542.7270000000,1.3665989981,8.6635757129,163953817.2000000000
MOWS,5000,4,21187921.4599999640,0.0000000000,0.3000000000,4237.5842920000,4237.8842920000,0.1116895613,44766.9410000000,1.5844230589,8.7647024157,161160987.6000000000
MOWS,5000,5,21397587.0459999700,0.0000000000,0.3000000000,4279.5174092000,4279.8174092000,0.1077741666,46393.3070000000,1.2989849491,8.5411374525,167015905.2000000000
MOWS,5000,6,21194427.5710000250,0.0000000000,0.3000000000,4238.8855142000,4239.1855142000,0.0994545079,50274.2420000000,1.5937982321,7.8069680188,180987271.1999999600
MOWS,5000,7,21258285.0579999600,0.0000000000,0.3000000000,4251.6570116000,4251.9570116000,0.1062589384,47054.8650000000,1.7113483896,8.3662325993,169397514.0000000000
MOWS,5000,8,21010721.9890000670,0.0000000000,0.3000000000,4202.1443978000,4202.4443978000,0.1173354820,42612.8560000000,1.0535136666,9.1307525654,153406281.6000000000
MOWS,5000,9,21045901.3780000320,0.0000000000,0.3000000000,4209.1802756000,4209.4802756000,0.0965133193,51806.3210000000,1.4451670187,7.5229992573,186502755.6000000000
MOWS,5000,10,21176313.9889999930,0.0000000000,0.3000000000,4235.2627978000,4235.5627978000,0.1226655970,40761.2250000000,1.1086752355,9.6207599933,146740410.0000000000
Baseline_RoundRobin,5000,1,20030496.8360000070,0.0000000000,0.3000000000,4006.0993672000,4006.3993672000,0.1809832239,27626.8700000000,0.1232116258,13.4266070167,99456731.9999999900
Baseline_RoundRobin,5000,2,20030498.9440000130,0.0000000000,0.3000000000,4006.0997888000,4006.3997888000,0.1809832239,27626.8700000000,0.1232128367,13.4266084298,99456732.0000000300
Baseline_RoundRobin,5000,3,20030494.3330000560,0.0000000000,0.3000000000,4006.0988666000,4006.3988666000,0.1809832239,27626.8700000000,0.1232128166,13.4266053390,99456732.0000000000
Baseline_RoundRobin,5000,4,20030495.8250000100,0.0000000000,0.3000000000,4006.0991650000,4006.3991650000,0.1809832239,27626.8700000000,0.1232152580,13.4266063391,99456731.9999999900
Baseline_RoundRobin,5000,5,20030495.6549999970,0.0000000000,0.3000000000,4006.0991310000,4006.3991310000,0.1809832305,27626.8690000000,0.1232124876,13.4266067111,99456728.3999999800
Baseline_RoundRobin,5000,6,20030498.3340000000,0.0000000000,0.3000000000,4006.0996668000,4006.3996668000,0.1809832239,27626.8700000000,0.1232122932,13.4266080209,99456731.9999999900
Baseline_RoundRobin,5000,7,20030494.5660000030,0.0000000000,0.3000000000,4006.0989132000,4006.3989132000,0.1809832239,27626.8700000000,0.1232131710,13.4266054951,99456731.9999999700
Baseline_RoundRobin,5000,8,20030497.5560000050,0.0000000000,0.3000000000,4006.0995112000,4006.3995112000,0.1809832108,27626.8720000000,0.1232136352,13.4266065274,99456739.1999999900
Baseline_RoundRobin,5000,9,20030493.1819999850,0.0000000000,0.3000000000,4006.0986364000,4006.3986364000,0.1809831715,27626.8780000000,0.1232179836,13.4266006795,99456760.7999999800
Baseline_RoundRobin,5000,10,20030496.8360000070,0.0000000000,0.3000000000,4006.0993672000,4006.3993672000,0.1809832239,27626.8700000000,0.1232116258,13.4266070167,99456731.9999999900
MOWS,6000,1,30055597.8030000180,0.0000000000,0.3000000000,5009.2663005000,5009.5663005000,0.1371749137,43739.7760000000,1.1717148139,12.7249198647,157463193.6000000200
MOWS,6000,2,30001905.2960000000,0.0000000000,0.3000000000,5000.3175493333,5000.6175493333,0.0992497677,60453.5420000000,1.4380618743,9.1903769479,217632751.2000000000
MOWS,6000,3,29822038.3010000700,0.0000000000,0.3000000000,4970.3397168333,4970.6397168333,0.1385961046,43291.2600000000,0.9555614585,12.7568467293,155848536.0000000000
MOWS,6000,4,29871946.9439999950,0.0000000000,0.3000000000,4978.6578240000,4978.9578240000,0.1192927704,50296.4260000000,1.0163160142,10.9984793485,181067133.6000000000
MOWS,6000,5,30039220.9600000000,0.0000000000,0.3000000000,5006.5368266667,5006.8368266667,0.0894272382,67093.6520000000,1.5609564618,8.2911252115,241537147.1999999600
MOWS,6000,6,29960145.4469999370,0.0000000000,0.3000000000,4993.3575745000,4993.6575745000,0.1351379353,44399.0800000000,1.2945803932,12.4961487553,159836687.9999999700
MOWS,6000,7,29886258.9950000300,0.0000000000,0.3000000000,4981.0431658333,4981.3431658333,0.1138798292,52687.1180000000,1.1139741348,10.5044508346,189673624.7999999800
MOWS,6000,8,30247532.6070000700,0.0000000000,0.3000000000,5041.2554345000,5041.5554345000,0.0905443126,66265.8960000000,1.3449518411,8.4529075518,238557225.6000000200
MOWS,6000,9,29815840.7200000660,0.0000000000,0.3000000000,4969.3067866667,4969.6067866667,0.1236385388,48528.5580000000,0.9936717108,11.3777375895,174702808.7999999500
MOWS,6000,10,30110306.5490000140,0.0000000000,0.3000000000,5018.3844248333,5018.6844248333,0.1207588340,49685.8060000000,0.9801576188,11.2224861448,178868901.6000000000
Baseline_RoundRobin,6000,1,28655879.7190000750,0.0000000000,0.3000000000,4775.9799531667,4776.2799531667,0.1892962439,31696.3500000000,0.1004338054,16.7421308523,114106859.9999999900
Baseline_RoundRobin,6000,2,28655879.0290000180,0.0000000000,0.3000000000,4775.9798381667,4776.2798381667,0.1892962678,31696.3460000000,0.1004312054,16.7421325620,114106845.5999999800
Baseline_RoundRobin,6000,3,28655871.3209999900,0.0000000000,0.3000000000,4775.9785535000,4776.2785535000,0.1892962558,31696.3480000000,0.1004344868,16.7421270022,114106852.7999999800
Baseline_RoundRobin,6000,4,28655879.7190000750,0.0000000000,0.3000000000,4775.9799531667,4776.2799531667,0.1892962439,31696.3500000000,0.1004338054,16.7421308523,114106859.9999999900
Baseline_RoundRobin,6000,5,28655879.0290000180,0.0000000000,0.3000000000,4775.9798381667,4776.2798381667,0.1892962678,31696.3460000000,0.1004312054,16.7421325620,114106845.5999999800
Baseline_RoundRobin,6000,6,28655871.3209999900,0.0000000000,0.3000000000,4775.9785535000,4776.2785535000,0.1892962558,31696.3480000000,0.1004344868,16.7421270022,114106852.7999999800
Baseline_RoundRobin,6000,7,28655879.7190000750,0.0000000000,0.3000000000,4775.9799531667,4776.2799531667,0.1892962439,31696.3500000000,0.1004338054,16.7421308523,114106859.9999999900
Baseline_RoundRobin,6000,8,28655879.0290000180,0.0000000000,0.3000000000,4775.9798381667,4776.2798381667,0.1892962678,31696.3460000000,0.1004312054,16.7421325620,114106845.5999999800
Baseline_RoundRobin,6000,9,28655871.3209999900,0.0000000000,0.3000000000,4775.9785535000,4776.2785535000,0.1892962558,31696.3480000000,0.1004344868,16.7421270022,114106852.7999999800
Baseline_RoundRobin,6000,10,28655879.7190000750,0.0000000000,0.3000000000,4775.9799531667,4776.2799531667,0.1892962439,31696.3500000000,0.1004338054,16.7421308523,114106859.9999999900
MOWS,7000,1,40387852.8820000200,0.0000000000,0.3000000000,5769.6932688571,5769.9932688572,0.1177538745,59446.0270000000,1.1279448830,12.5815506816,214005697.2000000200
MOWS,7000,2,40167871.8920000640,0.0000000000,0.3000000000,5738.2674131429,5738.5674131429,0.1316575707,53168.2300000000,0.8003529066,13.9904879188,191405628.0000000000
MOWS,7000,3,40395406.4350000400,0.0000000000,0.3000000000,5770.7723478571,5771.0723478571,0.1118111947,62605.5380000000,1.2111952369,11.9488324201,225379936.8000000000
MOWS,7000,4,40406550.8590000640,0.0000000000,0.3000000000,5772.3644084286,5772.6644084286,0.1216321238,57550.5860000000,1.0442141627,13.0019433747,207182109.6000000200
MOWS,7000,5,40810325.8350000400,0.0000000000,0.3000000000,5830.0465478571,5830.3465478571,0.1283116833,54554.6580000000,1.2381154565,13.8530201165,196396768.7999999800
MOWS,7000,6,40089639.8370000350,0.0000000000,0.3000000000,5727.0914052857,5727.3914052857,0.1198154035,58423.2060000000,1.0834668194,12.7072919915,210323541.6000000000
MOWS,7000,7,40333738.0360001100,0.0000000000,0.3000000000,5761.9625765714,5762.2625765714,0.1233173284,56764.1230000000,1.0068070997,13.1583302140,204350842.7999999800
MOWS,7000,8,39974054.4869999960,0.0000000000,0.3000000000,5710.5792124286,5710.8792124286,0.1243195171,56306.5250000000,0.9446212231,13.1469713018,202703490.0000000000
MOWS,7000,9,40196030.9130000250,0.0000000000,0.3000000000,5742.2901304286,5742.5901304286,0.1250729555,55967.3350000000,0.8658103049,13.3000962585,201482406.0000000000
MOWS,7000,10,40502577.4480000140,0.0000000000,0.3000000000,5786.0824925714,5786.3824925714,0.1198631348,58399.9410000000,0.9786465383,12.8432960321,210239787.6000000200
Baseline_RoundRobin,7000,1,38844606.3509999960,0.0000000000,0.3000000000,5549.2294787143,5549.5294787143,0.1926111925,36342.6440000000,0.0878656868,19.7934019896,130833518.3999999800
Baseline_RoundRobin,7000,2,38844602.6770000100,0.0000000000,0.3000000000,5549.2289538571,5549.5289538571,0.1926111501,36342.6520000000,0.0878701144,19.7933957604,130833547.1999999700
Baseline_RoundRobin,7000,3,38844605.1910000900,0.0000000000,0.3000000000,5549.2293130000,5549.5293130000,0.1926111607,36342.6500000000,0.0878687658,19.7933981307,130833539.9999999900
Baseline_RoundRobin,7000,4,38844601.7169999600,0.0000000000,0.3000000000,5549.2288167143,5549.5288167143,0.1926111501,36342.6520000000,0.0878696036,19.7933952712,130833547.1999999700
Baseline_RoundRobin,7000,5,38844602.6830000600,0.0000000000,0.3000000000,5549.2289547143,5549.5289547143,0.1926111713,36342.6480000000,0.0878680514,19.7933979420,130833532.7999999800
Baseline_RoundRobin,7000,6,38844600.7250000800,0.0000000000,0.3000000000,5549.2286750000,5549.5286750000,0.1926111501,36342.6520000000,0.0878707680,19.7933947658,130833547.1999999700
Baseline_RoundRobin,7000,7,38844599.0460000300,0.0000000000,0.3000000000,5549.2284351429,5549.5284351429,0.1926111607,36342.6500000000,0.0878712792,19.7933949995,130833539.9999999900
Baseline_RoundRobin,7000,8,38844603.2430001200,0.0000000000,0.3000000000,5549.2290347143,5549.5290347143,0.1926111660,36342.6490000000,0.0878707179,19.7933976827,130833536.3999999500
Baseline_RoundRobin,7000,9,38844604.9360000700,0.0000000000,0.3000000000,5549.2292765714,5549.5292765714,0.1926111395,36342.6540000000,0.0878730940,19.7933958222,130833554.3999999000
Baseline_RoundRobin,7000,10,38844606.3509999960,0.0000000000,0.3000000000,5549.2294787143,5549.5294787143,0.1926111925,36342.6440000000,0.0878656868,19.7934019896,130833518.3999999800
MOWS,8000,1,53786196.5350000900,0.0000000000,0.3000000000,6723.2745668750,6723.5745668750,0.1174519038,68112.9870000000,0.9825594185,14.6233592218,245206753.2000000000
MOWS,8000,2,53970748.0759999750,0.0000000000,0.3000000000,6746.3435095000,6746.6435095000,0.1108462194,72172.0600000000,1.0123235920,13.8482717232,259819415.9999999400
MOWS,8000,3,54556248.6739999600,0.0000000000,0.3000000000,6819.5310842500,6819.8310842500,0.1150619501,69527.7630000000,1.1346423382,14.5308989931,250299946.7999999800
MOWS,8000,4,54047425.3059999500,0.0000000000,0.3000000000,6755.9281632500,6756.2281632500,0.1336461768,59859.5500000000,0.9416808472,16.7204438792,215494379.9999999700
MOWS,8000,5,54157676.5690000060,0.0000000000,0.3000000000,6769.7095711250,6770.0095711250,0.1186555719,67422.0340000000,1.5738074223,14.8752548234,242719322.4000000000
MOWS,8000,6,54049948.9060000550,0.0000000000,0.3000000000,6756.2436132500,6756.5436132500,0.1315350973,60820.2690000000,1.1937317623,16.4570955735,218952968.4000000000
MOWS,8000,7,54046953.4859999900,0.0000000000,0.3000000000,6755.8691857500,6756.1691857500,0.1180356861,67776.1130000000,1.2136531197,14.7672899005,243994006.7999999800
MOWS,8000,8,53987674.5549998950,0.0000000000,0.3000000000,6748.4593193750,6748.7593193750,0.1139569404,70201.9550000000,0.8523487587,14.2413662272,252727037.9999999400
MOWS,8000,9,54314010.6059998700,0.0000000000,0.3000000000,6789.2513257500,6789.5513257500,0.1093773943,73141.2560000000,1.0902481647,13.7516781394,263308521.5999999600
MOWS,8000,10,54143858.6680000100,0.0000000000,0.3000000000,6767.9823335000,6768.2823335000,0.1266816554,63150.4220000000,0.9516546510,15.8773927023,227341519.1999999600
Baseline_RoundRobin,8000,1,52242599.4560000750,0.0000000000,0.3000000000,6530.3249320000,6530.6249320000,0.1964309961,40726.7700000000,0.0741166158,23.7547820630,146616372.0000000000
Baseline_RoundRobin,8000,2,52242584.0749999400,0.0000000000,0.3000000000,6530.3230093750,6530.6230093750,0.1964310251,40726.7640000000,0.0741126096,23.7547785689,146616350.3999999500
Baseline_RoundRobin,8000,3,52242588.8740001000,0.0000000000,0.3000000000,6530.3236092500,6530.6236092500,0.1964309913,40726.7710000000,0.0741177492,23.7547766681,146616375.6000000000
Baseline_RoundRobin,8000,4,52242587.8249998600,0.0000000000,0.3000000000,6530.3234781250,6530.6234781250,0.1964310299,40726.7630000000,0.0741135883,23.7547808573,146616346.7999999800
Baseline_RoundRobin,8000,5,52242594.7709999000,0.0000000000,0.3000000000,6530.3243463750,6530.6243463750,0.1964310251,40726.7640000000,0.0741174080,23.7547834324,146616350.3999999800
Baseline_RoundRobin,8000,6,52242591.6340000100,0.0000000000,0.3000000000,6530.3239542500,6530.6239542500,0.1964310106,40726.7670000000,0.0741146382,23.7547802562,146616361.2000000000
Baseline_RoundRobin,8000,7,52242593.3500001360,0.0000000000,0.3000000000,6530.3241687500,6530.6241687500,0.1964310395,40726.7610000000,0.0741172643,23.7547845361,146616339.6000000200
Baseline_RoundRobin,8000,8,52242588.7939999600,0.0000000000,0.3000000000,6530.3235992500,6530.6235992500,0.1964310154,40726.7660000000,0.0741160304,23.7547795481,146616357.6000000200
Baseline_RoundRobin,8000,9,52242588.9159999200,0.0000000000,0.3000000000,6530.3236145000,6530.6236145000,0.1964310395,40726.7610000000,0.0741185875,23.7547825199,146616339.5999999600
Baseline_RoundRobin,8000,10,52242599.4560000750,0.0000000000,0.3000000000,6530.3249320000,6530.6249320000,0.1964309961,40726.7700000000,0.0741166158,23.7547820630,146616372.0000000000
MOWS,9000,1,67330683.4409999700,0.0000000000,0.3000000000,7481.1870490000,7481.4870490000,0.1260104939,71422.6230000000,0.7826332497,17.4575569448,257121442.7999999200
MOWS,9000,2,67324494.7229999200,0.0000000000,0.3000000000,7480.4994136667,7480.7994136667,0.1274006566,70643.2780000000,0.9156728570,17.6485284598,254315800.7999999800
MOWS,9000,3,67165731.1290000200,0.0000000000,0.3000000000,7462.8590143333,7463.1590143333,0.1329843312,67677.1460000000,0.7920783642,18.3785799082,243637725.5999999600
MOWS,9000,4,67546416.9760000000,0.0000000000,0.3000000000,7505.1574417778,7505.4574417778,0.1348644525,66733.6710000000,1.0353117826,18.7440546112,240241215.5999999600
MOWS,9000,5,67454348.4690000600,0.0000000000,0.3000000000,7494.9276076667,7495.2276076667,0.1018139098,88396.5660000000,1.2141528938,14.1312571042,318227637.5999999600
MOWS,9000,6,67747166.7249998300,0.0000000000,0.3000000000,7527.4629694444,7527.7629694444,0.1196079745,75245.8190000000,0.9652415882,16.6730481274,270884948.4000000400
MOWS,9000,7,67243736.2779999800,0.0000000000,0.3000000000,7471.5262531111,7471.8262531111,0.1410075601,63826.3650000000,0.9707207682,19.5100312468,229774913.9999999700
MOWS,9000,8,67437732.0600000000,0.0000000000,0.3000000000,7493.0813400000,7493.3813400000,0.1279209814,70355.9330000000,1.1463306547,17.7504133162,253281358.8000000000
MOWS,9000,9,66943549.4479998800,0.0000000000,0.3000000000,7438.1721608889,7438.4721608889,0.1440035367,62498.4650000000,0.8183810625,19.8356129250,224994474.0000000000
MOWS,9000,10,67424533.2900000400,0.0000000000,0.3000000000,7491.6148100000,7491.9148100000,0.0994491138,90498.5440000000,1.3574278707,13.7969343278,325794758.4000000000
Baseline_RoundRobin,9000,1,65203055.3959999500,0.0000000000,0.3000000000,7244.7839328889,7245.0839328889,0.2021337735,44524.9690000000,0.0638916504,27.1188058281,160289888.4000000000
Baseline_RoundRobin,9000,2,65203055.3959999500,0.0000000000,0.3000000000,7244.7839328889,7245.0839328889,0.2021337735,44524.9690000000,0.0638916504,27.1188058281,160289888.4000000000
Baseline_RoundRobin,9000,3,65203055.3959999500,0.0000000000,0.3000000000,7244.7839328889,7245.0839328889,0.2021337735,44524.9690000000,0.0638916504,27.1188058281,160289888.4000000000
Baseline_RoundRobin,9000,4,65203055.3959999500,0.0000000000,0.3000000000,7244.7839328889,7245.0839328889,0.2021337735,44524.9690000000,0.0638916504,27.1188058281,160289888.4000000000
Baseline_RoundRobin,9000,5,65203055.3959999500,0.0000000000,0.3000000000,7244.7839328889,7245.0839328889,0.2021337735,44524.9690000000,0.0638916504,27.1188058281,160289888.4000000000
Baseline_RoundRobin,9000,6,65203055.3959999500,0.0000000000,0.3000000000,7244.7839328889,7245.0839328889,0.2021337735,44524.9690000000,0.0638916504,27.1188058281,160289888.4000000000
Baseline_RoundRobin,9000,7,65203055.3959999500,0.0000000000,0.3000000000,7244.7839328889,7245.0839328889,0.2021337735,44524.9690000000,0.0638916504,27.1188058281,160289888.4000000000
Baseline_RoundRobin,9000,8,65203055.3959999500,0.0000000000,0.3000000000,7244.7839328889,7245.0839328889,0.2021337735,44524.9690000000,0.0638916504,27.1188058281,160289888.4000000000
Baseline_RoundRobin,9000,9,65203055.3959999500,0.0000000000,0.3000000000,7244.7839328889,7245.0839328889,0.2021337735,44524.9690000000,0.0638916504,27.1188058281,160289888.4000000000
Baseline_RoundRobin,9000,10,65203055.3959999500,0.0000000000,0.3000000000,7244.7839328889,7245.0839328889,0.2021337735,44524.9690000000,0.0638916504,27.1188058281,160289888.4000000000
MOWS,10000,1,81622306.5120001600,0.0000000000,0.3000000000,8162.2306512000,8162.5306512000,0.1525837906,65537.7610000000,0.8781532222,23.0634091187,235935939.6000000000
MOWS,10000,2,81764107.1009999000,0.0000000000,0.3000000000,8176.4107101000,8176.7107101000,0.1315310718,76027.6630000000,0.8781120632,19.9157789646,273699586.8000000000
MOWS,10000,3,82406517.1189997600,0.0000000000,0.3000000000,8240.6517119000,8240.9517119000,0.1238648422,80733.1590000000,0.8452465952,18.9023522951,290639372.4000000000
MOWS,10000,4,82076979.2459999200,0.0000000000,0.3000000000,8207.6979246000,8207.9979246000,0.1211534139,82539.9770000000,1.0572188110,18.4146411879,297143917.2000000000
MOWS,10000,5,81464600.9020000700,0.0000000000,0.3000000000,8146.4600902000,8146.7600902000,0.1334533274,74932.5640000000,0.6991548017,20.1328186289,269757230.4000000000
MOWS,10000,6,82241858.0090000800,0.0000000000,0.3000000000,8224.1858009000,8224.4858009000,0.1252330587,79851.1200000000,1.0843956030,19.0729619138,287464032.0000000000
MOWS,10000,7,81965202.0310000300,0.0000000000,0.3000000000,8196.5202031000,8196.8202031000,0.1429450847,69956.9350000000,1.1403779126,21.6972643482,251844966.0000000000
MOWS,10000,8,81591489.5680000800,0.0000000000,0.3000000000,8159.1489568000,8159.4489568000,0.1434467953,69712.2580000000,0.7872429772,21.6741438861,250964128.8000000000
MOWS,10000,9,82030459.1349998700,0.0000000000,0.3000000000,8203.0459135000,8203.3459135000,0.1188206292,84160.4700000000,1.0685503244,18.0498347570,302977692.0000000000
MOWS,10000,10,81948397.5229999400,0.0000000000,0.3000000000,8194.8397523000,8195.1397522999,0.1363674714,73331.2710000000,0.7693019867,20.6946217677,263992575.5999999600
Baseline_RoundRobin,10000,1,79579675.5919997200,0.0000000000,0.3000000000,7957.9675592000,7958.2675592000,0.2029234986,49279.6550000000,0.0599360596,29.9047892309,177406758.0000000300
Baseline_RoundRobin,10000,2,79579663.4090002200,0.0000000000,0.3000000000,7957.9663409000,7958.2663409000,0.2029234986,49279.6550000000,0.0599387315,29.9047846528,177406758.0000000300
Baseline_RoundRobin,10000,3,79579673.2289999900,0.0000000000,0.3000000000,7957.9673229000,7958.2673229000,0.2029235068,49279.6530000000,0.0599357601,29.9047895566,177406750.7999999800
Baseline_RoundRobin,10000,4,79579659.5679997500,0.0000000000,0.3000000000,7957.9659568000,7958.2659568000,0.2029234986,49279.6550000000,0.0599372063,29.9047832094,177406758.0000000300
Baseline_RoundRobin,10000,5,79579664.7159999300,0.0000000000,0.3000000000,7957.9664716000,7958.2664716000,0.2029234821,49279.6590000000,0.0599356865,29.9047827166,177406772.3999999800
Baseline_RoundRobin,10000,6,79579667.0410001100,0.0000000000,0.3000000000,7957.9667041000,7958.2667041000,0.2029234738,49279.6610000000,0.0599380726,29.9047823766,177406779.5999999600
Baseline_RoundRobin,10000,7,79579656.8610002100,0.0000000000,0.3000000000,7957.9656861000,7958.2656861000,0.2029234903,49279.6570000000,0.0599345008,29.9047809784,177406765.2000000200
Baseline_RoundRobin,10000,8,79579662.0320000500,0.0000000000,0.3000000000,7957.9662032000,7958.2662032000,0.2029235068,49279.6530000000,0.0599358853,29.9047853490,177406750.8000000000
Baseline_RoundRobin,10000,9,79579654.7080000800,0.0000000000,0.3000000000,7957.9654708000,7958.2654708000,0.2029235068,49279.6530000000,0.0599377250,29.9047825967,177406750.8000000400
Baseline_RoundRobin,10000,10,79579675.5919997200,0.0000000000,0.3000000000,7957.9675592000,7958.2675592000,0.2029234986,49279.6550000000,0.0599360596,29.9047892309,177406758.0000000300
